﻿{
  "bindings": [
    {
      "type": "eventHubTrigger",
      "name": "IoTHubMessages",
      "direction": "in",
      "eventHubName": "samples-workitems",
      "connection": "iothubpociotapp_events_IOTHUB",
      "cardinality": "many",
      "consumerGroup": "data"
    },
    {
      "type": "cosmosDB",
      "name": "outputDocument",
      "databaseName": "outDatabase",
      "collectionName": "MyCollection",
      "createIfNotExists": true,
      "connectionStringSetting": "pociotcosmosdb_DOCUMENTDB",
      "direction": "out"
    },
    {
      "type": "blob",
      "name": "outputBlob",
      "path": "outcontainer/{rand-guid}",
      "connection": "AzureWebJobsStorage",
      "direction": "out"
    }
  ],
  "disabled": false
}